covariate,coef,exp(coef),se(coef),coef lower 95%,coef upper 95%,exp(coef) lower 95%,exp(coef) upper 95%,z,p,-log2(p)
age,-0.00314,0.997,0.00942,-0.0216,0.0153,0.979,1.02,-0.333,0.739,0.436
sex,0.137,1.15,0.47,-0.784,1.06,0.457,2.88,0.291,0.771,0.375
log(LDH),0.944,2.57,0.48,0.00308,1.89,1,6.59,1.97,0.0493,4.34
SIOPEN,0.0146,1.01,0.0168,-0.0184,0.0476,0.982,1.05,0.867,0.386,1.37
MYCN,-0.186,0.831,0.747,-1.65,1.28,0.192,3.59,-0.248,0.804,0.315
tumor size,-0.000227,1,0.000754,-0.0017,0.00125,0.998,1,-0.301,0.764,0.389
$\log(\mu)$,-0.123,0.884,0.0926,-0.305,0.0581,0.737,1.06,-1.33,0.183,2.45
visible threshold,-0.00334,0.997,0.00481,-0.0128,0.00609,0.987,1.01,-0.695,0.487,1.04
